noise_level,f1_score
0.0,1.0
0.01,1.0
0.02,1.0
0.03,1.0
0.04,1.0
0.05,1.0
0.06,1.0
0.07,1.0
0.08,1.0
0.09,1.0
0.1,1.0
0.11,1.0
0.12,1.0
0.13,1.0
0.14,1.0
0.15,0.787879
0.16,0.787879
0.17,0.787879
0.18,0.787879
0.19,0.787879
0.2,0.787879
0.21,0.787879
0.22,0.787879
0.23,0.787879
0.24,0.75
0.25,0.709677
0.26,0.666667
0.27,0.62069
0.28,0.62069
0.29,0.62069
0.3,0.62069
0.31,0.518519
0.32,0.518519
0.33,0.518519
0.34,0.518519
0.35,0.518519
0.36,0.518519
0.37,0.518519
0.38,0.518519
0.39,0.518519
0.4,0.518519
0.41,0.518519
0.42,0.518519
0.43,0.518519
0.44,0.518519
0.45,0.518519
0.46,0.518519
0.47,0.518519
0.48,0.461538
0.49,0.518519
0.5,0.518519
0.51,0.518519
0.52,0.518519
0.53,0.518519
0.54,0.518519
0.55,0.518519
0.56,0.518519
0.57,0.518519
0.58,0.518519
0.59,0.518519
0.6,0.518519
0.61,0.518519
0.62,0.518519
0.63,0.518519
0.64,0.518519
0.65,0.518519
0.66,0.518519
0.67,0.518519
0.68,0.518519
0.69,0.518519
0.7,0.518519
0.71,0.518519
0.72,0.518519
0.73,0.518519
0.74,0.518519
0.75,0.461538
0.76,0.461538
0.77,0.461538
0.78,0.461538
0.79,0.461538
0.8,0.461538
0.81,0.461538
0.82,0.461538
0.83,0.461538
0.84,0.518519
0.85,0.518519
0.86,0.518519
0.87,0.518519
0.88,0.518519
0.89,0.518519
0.9,0.518519
0.91,0.518519
0.92,0.518519
0.93,0.518519
0.94,0.4
0.95,0.4
0.96,0.4
0.97,0.4
0.98,0.4
0.99,0.4
1.0,0.4
